<?xml version="1.0" encoding="UTF-8"?>
<LightningComponentBundle xmlns="http://soap.sforce.com/2006/04/metadata">
  <apiVersion>57.0</apiVersion>
  <isExposed>true</isExposed>
  <description>axisCamPreviewPage</description>
  <masterLabel>axisCamPreviewPage</masterLabel>
  <targets>
    <target>lightning__AppPage</target>
    <target>lightningCommunity__Page</target>
    <target>lightningCommunity__Default</target>
    <target>lightning__FlowScreen</target>
    <target>lightning__RecordPage</target>
    <target>lightning__RecordAction</target>
  </targets>
  <targetConfigs>
    <targetConfig targets="lightning__RecordAction">
      <actionType>ScreenAction</actionType>
    </targetConfig>
    <targetConfig targets="lightning__FlowScreen">
      <property name="recordId" type="String" label="Record Id" />
    </targetConfig>
    <targetConfig targets="lightning__RecordPage">
      <supportedFormFactors>
        <supportedFormFactor type="Large" />
        <supportedFormFactor type="Small" />
      </supportedFormFactors>
    </targetConfig>
  </targetConfigs>
</LightningComponentBundle>